,Region1Beijing,Region2Tianjin,Region3Hebei,Region4Shanxi,Region5Innermongolia,Region6Liaoning,Region7Jilin,Region8Heilongjiang,Region9Shanghai,Region10Jiangsu,Region11Zhejiang,Region12Anhui,Region13Fujian,Region14Jiangxi,Region15Shandong,Region16Henan,Region17Hubei,Region18Hunan,Region19Guangdong,Region20Guangxi,Region21Hainan,Region22Chongqing,Region23Sichuan,Region24Guizhou,Region25Yunnan,Region26Tibet,Region27Shaanxi,Region28Gansu,Region29Qinghai,Region30Ningxia,Region31Xinjiang
Region1Beijing,,123.2856,289.40340000000003,489.1357,473.3829,686.8536,964.4844,1216.5966,1220.3489,994.8235999999999,1246.4523000000002,1010.444,1844.2139,1411.6686000000002,399.65729999999996,693.393,1141.596,1473.173,2123.9495,2306.1655,2595.592,1775.2903000000001,1798.0498,2065.994,2540.664,3535.403,1074.4436,1432.6733000000002,1631.225,1088.0265,2766.634
Region2Tianjin,118.33239999999999,,301.6278,501.3601,589.8963,660.2325999999999,954.9753000000001,1207.0875,1096.6211,889.2573000000001,1122.7245,932.495,1715.3765,1340.2028,308.8569,680.6998000000001,1117.2803999999999,1448.8573999999999,2092.664,2276.3165,2565.743,1798.6383,1810.274,2036.145,2549.2073,3578.378,1086.668,1475.6485,1674.2003,1130.9588,2883.147
Region3Hebei,292.28090000000003,302.09229999999997,,221.03529999999998,561.1423000000001,950.776,1245.5186,1497.6308999999999,1121.1148,881.5374,1150.0088,858.5466,1650.8171,1175.5553,305.7131,416.71259999999995,894.9288,1203.5823,1856.3468,2038.5628000000002,2327.9892999999997,1493.3793999999998,1516.1388,1798.3913,2258.753,3287.8065,792.5327,1185.077,1383.6286,893.8856,2779.9575
Region4Shanxi,489.998,499.8093,221.53279999999998,,410.6472,1148.493,1443.2356000000002,1695.3479,1325.6986000000002,1086.1214,1354.5926000000002,983.4286,1775.699,1272.9083999999998,510.297,434.36659999999995,939.9419,1232.3078,1885.0723,1999.3948,2298.8473,1303.1483,1325.9076,1646.0255,2068.5218999999997,3086.9908,602.3015,984.2610999999999,1182.8128000000002,693.0696999999999,2576.745
Region5Innermongolia,482.7153,602.208,565.9630999999999,412.1075,,1165.788,1358.2425,1587.268,1652.4065,1412.8293,1681.3005,1389.707,2181.9775,1679.1868,839.348,840.6449,1346.2203,1638.5861,2291.3505,2405.673,2705.1255,1672.8893999999998,1682.0165,2015.7665,2424.631,3155.8898,965.7735,1053.1601,1251.7119,654.4203,2297.9283
Region6Liaoning,686.6713000000001,661.9786,950.6181,1150.3505,1155.8255,,286.7572,538.8695,1714.5588,1507.1949,1740.6623,1533.5041,2333.314,1970.6815,932.4996,1332.0653,1768.6459,2100.223,2744.0295,2927.682,3217.1085,2450.0038,2459.2645,2687.5105,3200.5728,4199.463,1735.6583,2096.7335,2295.2853,1752.0868,3449.0765
Region7Jilin,960.2639,956.6373000000001,1245.2768,1445.009,1378.2656000000002,287.5462,,253.9768,2009.2174,1801.8535,2035.3208,1828.1628999999998,2627.9728,2265.3403,1227.1583999999998,1626.7238,2063.3045,2394.8815,3038.688,3222.3405,3511.767,2744.6623,2753.923,2982.169,3495.2313,4494.122,2030.3168999999998,2391.3923,2589.944,1999.4665,3536.1315
Region8Heilongjiang,1211.7373,1208.1106000000002,1496.7503000000002,1696.4825,1589.4563999999998,539.0195,253.668,,2260.6908,2053.3269,2286.7943,2079.6361,2879.446,2516.8135,1478.6318,1878.1973,2314.778,2646.355,3290.1615,3473.814,3763.2405,2996.1358,3005.3965,3233.6425,3746.7048,4745.5955,2281.7905,2642.8655,2841.4175,2239.1992999999998,3724.0065
Region9Shanghai,1192.1559,1074.0611000000001,1104.816,1310.3229,1662.432,1664.6209,1959.3634,2211.4755,,299.2022,179.23870000000002,456.6056,756.2881,694.3858,807.6762,956.4148,768.8724,1033.3115,1409.7295,1841.3335,1983.8498,1617.6438,1900.6903,1767.7231000000002,2280.7855,3874.511,1373.7733,1959.7328,2179.1708,1893.0834,3860.4238
Region10Jiangsu,995.7651,890.4323,880.5933,1086.1001,1436.1069,1507.3788,1802.1215,2054.2338,295.9375,,272.2348,160.3367,836.6985999999999,582.4884000000001,617.3129,672.0324,526.3756,846.5773,1347.6694,1701.3945,1921.7895,1364.7628,1647.8093000000001,1553.9963,2067.0585,3621.63,1074.8299,1685.37,1904.808,1608.701,3586.061
Region11Zhejiang,1242.0713999999998,1123.9765,1148.3995,1353.9063999999998,1703.9131,1740.9231000000002,2035.6658,2287.778,174.4149,272.1007,,395.1017,594.9544000000001,518.7772,846.6158,939.8386999999999,683.9131,857.7028,1234.1209,1665.7249,1808.2411000000002,1532.6845,1815.731,1623.5986,2136.661,3789.5515,1305.0203000000001,1915.5603999999998,2134.9982999999997,1876.5073,3816.2515
Region12Anhui,1010.728,931.4688000000001,854.2418,977.4019000000001,1383.9825,1533.4339,1828.1765,2080.2888000000003,452.84159999999997,160.5691,398.6145,,872.2783000000001,438.50359999999995,632.2758,547.6019,370.17040000000003,702.5925,1203.6845,1557.4096000000002,1777.8048000000001,1208.5575,1491.604,1400.6898,1913.7521000000002,3465.4248,912.1319,1522.672,1742.11,1494.8374,3423.363
Region13Fujian,1846.5041,1717.042,1650.9576000000002,1774.1178,2180.6985,2333.9885,2628.7313,2880.8435,751.4709,837.3668,595.7706,876.1600999999999,,551.7344,1468.052,1344.3179,879.754,850.207,866.3131,1422.2878,1418.9,1602.0605,1950.9788,1501.5738999999999,2027.4616,3884.4485,1596.1318999999999,2206.672,2426.11,2208.3745,4107.363
Region14Jiangxi,1404.3123,1331.852,1169.029,1254.5558999999998,1661.1365,1963.4439,2258.1865,2510.2988,694.6365999999999,573.2537,524.8869,433.71840000000003,552.7641,,1062.2858,825.6775,332.95259999999996,336.5719,772.8568,1147.3081000000002,1346.977,1085.9011,1414.1121,1094.8383999999999,1624.4433000000001,3382.0695,1049.3305,1659.8706000000002,1879.3085,1661.573,3560.5618
Region15Shandong,400.13120000000004,308.3564,304.14009999999996,509.647,862.8494000000001,931.3959,1226.1385,1478.2508,820.7515,615.4329,846.8549,631.0533,1464.8233,1068.2308,,449.5697,837.6113,1169.1883,1812.9949,2029.0103000000001,2302.6535,1539.3973999999998,1623.473,1776.904,2289.9662999999996,3506.3532999999998,902.4592,1403.6238,1602.1753,1112.4323,3105.5672999999997
Region16Henan,693.7192,676.8155,414.51370000000003,433.1494,839.7301,1327.76,1622.5026,1874.615,952.8569,671.099,939.5703000000001,551.4006999999999,1343.6711,841.1483000000001,446.3366,,508.1818,803.4433,1456.2078000000001,1642.296,1927.8503,1164.618,1199.8501,1402.1245,1915.1868,3165.6843,478.8363,1073.4893,1292.9273,953.2149000000001,2946.35
Region17Hubei,1140.9045,1115.6188,895.0226,941.7511,1348.3319,1766.5633,2061.3059,2313.418,767.8475999999999,527.0675,688.3834,366.4037,878.9855,339.634,835.8201,512.8728,,334.15229999999997,977.959,1192.0668999999998,1465.71,847.3632,1135.5609,1023.7126999999999,1536.775,3104.2305,731.6261,1342.1661000000001,1561.604,1343.8685,3242.8572999999997
Region18Hunan,1473.4786000000001,1448.1929,1199.6514,1229.097,1635.6778,2099.1375,2393.88,2645.9923,1027.1673,842.9435,857.4174,703.4082,848.0848000000001,339.53459999999995,1168.3943000000002,801.386,332.2441,,670.7713,878.0293,1151.6725,751.8489000000001,1100.7671,777.3288,1290.3911,3048.0175,967.6566,1578.1968,1797.6346,1579.8991,3478.888
Region19Guangdong,2124.865,2101.619,1854.0419,1883.4878,2290.0683,2752.5635,3047.3062999999997,3299.4185,1407.3145,1348.9378000000002,1237.5648,1209.4024,866.6159,779.3339,1821.8205,1455.7765,985.6703,679.1786,,558.4652,577.6873,1215.1693,1536.1048,914.7922,1317.8456,3409.1448,1622.3258,2200.3075,2406.412,2234.5683,4097.5145
Region20Guangxi,2306.2245,2275.0652999999998,2035.4014,1996.6343,2403.2147999999997,2926.0098,3220.7525,3472.8648,1834.7193,1698.381,1664.9695,1558.8458,1421.3325,1150.3505,2029.3498,1640.2343,1195.0143999999998,876.4609,557.2864000000001,,456.84040000000005,887.8318,1177.5875,556.2749,759.0733,2932.039,1589.8754,1866.9903,2073.0949,2100.152,3764.197
Region21Hainan,2585.157,2553.998,2314.334,2304.834,2711.4145,3204.9425,3499.685,3751.7975,1981.4559,1926.592,1811.7061,1787.0568,1420.0566000000001,1356.9883,2292.3595,1916.0686,1458.0241,1139.4706,580.6109,459.1891,,1354.0438000000001,1650.576,1028.9845,1208.0775,3381.043,2010.3793,2333.2025,2539.307,2566.364,4230.409
Region22Chongqing,1777.6945,1798.2168000000001,1493.1038,1303.3424,1680.8899,2449.1612999999998,2743.9037999999996,2996.0163,1612.4801,1365.4033,1533.016,1204.7394,1601.1088,1092.5585,1539.2003,1125.6428,848.1255,753.2941,1215.5155,887.2768000000001,1351.9868999999999,,359.9987,376.8388,857.5469,2307.249,708.7825,1002.8179,1208.9225,1219.0591000000002,2900.025
Region23Sichuan,1795.9253,1805.7366000000002,1511.3345,1321.5731,1677.4218,2454.4205,2749.163,3001.2753,1898.0138,1646.5123,1818.5495,1485.8483999999999,1947.9466,1417.5219,1620.3865,1192.0568,1133.0724,1100.132,1536.1213,1177.7845,1643.2868,357.9926,,618.4186,813.9604,1979.539,720.7341,847.4138,970.7113,1171.867,2744.6205
Region24Guizhou,2067.5355,2036.3763000000001,1796.7124,1644.5426,2022.0903,2687.3208,2982.0635,3234.1758,1765.074,1551.7276000000002,1621.5194,1388.8121,1506.4221,1099.7388,1777.3598,1401.5453,1022.4155999999999,775.5020999999999,914.7986999999999,556.462,1026.5426,373.827,619.4639,,518.4082,2492.5038,1049.9828,1327.1345,1533.2391,1551.5251,3224.3412999999996
Region25Yunnan,2542.6778,2551.036,2258.087,2068.3256,2424.1742999999997,3201.9805,3496.723,3748.8355,2279.7338,2066.3875,2136.1793,1903.4719,2033.1385,1629.4263,2292.0195,1916.2051000000001,1537.0754,1290.1618999999998,1320.6083,762.6123,1208.6013,857.275,813.741,518.8743,,2179.148,1467.4868000000001,1659.0844,1765.2245,1923.0584,3556.291
Region26Tibet,3537.0658,3578.481,3287.3278,3087.2753,3154.3358,4199.008,4493.7505,4745.863,3875.4335,3628.3568,3795.9692999999997,3467.693,3912.8017999999997,3404.2515,3506.19,3178.3805,3111.0788,3064.987,3426.2065,2933.7383,3379.7275,2322.8478,1995.3965,2508.504,2180.9797999999996,,2707.0577999999996,2125.5173,1908.5261,2494.318,2602.1835
Region27Shaanxi,1075.9928,1085.8041,791.402,601.6406,964.2046,1734.4878999999999,2029.2305,2281.3428,1370.5361,1074.657,1307.4439,915.3638000000001,1599.9688999999998,1060.6175,902.5034,474.1737,730.5104,966.5483,1616.4276,1588.0488,2000.5323,707.3275,721.5619,1050.2048,1464.1763,2687.396,,612.7454,832.1834,614.4479,2513.4365
Region28Gansu,1433.9633000000001,1475.3785,1184.225,984.1728,1051.2331000000001,2095.9054,2390.648,2642.7603,1952.6585,1681.5758,1914.3626000000002,1522.2825,2206.8875,1667.5363,1403.0874,1066.978,1337.4291,1573.467,2223.3465,1866.9355,2331.6455,1002.7858,850.2133,1327.7073,1657.1379,2125.28,609.5309,,221.10229999999999,421.20590000000004,1906.3618999999999
Region29Qinghai,1631.5596,1672.9749,1381.8213999999998,1181.7691,1248.8295,2293.5018,2588.2445,2840.3565,2172.2835,1901.2008,2133.9878,1741.9075,2426.5128,1887.1613,1600.6838,1286.6031,1557.0543,1793.0921,2405.0115,2071.0825,2535.7925,1206.9328,972.9164000000001,1531.8543,1762.5741,1907.1123,829.156,220.011,,588.8116,1740.0191
Region30Ningxia,1089.2143,1130.6295,892.2118,692.1595,652.8654,1751.1563,2003.5566000000001,2236.7857999999997,1895.7605,1614.0026,1882.4739,1507.96,2211.9265,1672.5753,1111.0741,959.2881,1342.4681,1578.506,2228.3855,2098.5813,2563.2913,1217.8599,1174.3303999999998,1552.1365,1921.9468,2494.7465,614.5699000000001,419.8372,590.5686999999999,,1995.6671000000001
Region31Xinjiang,2779.3817999999997,2898.8745,2791.2322999999997,2583.6415,2300.0143,3462.4543,3548.7843,3731.0153,3857.3675,3586.2845,3819.0715,3426.9915,4111.5965,3572.245,3108.6708,2956.885,3242.138,3478.176,4128.0555,3765.815,4230.525,2901.6652999999997,2749.093,3226.5868,3556.0175,2605.1375,2514.2398,1908.8455,1742.3105,2001.39,
